Agent,Group
"Aloe vera, whole leaf extract",2B
Clonorchis sinensis (infection with),1
"Fusarium graminearum, F. culmorum, and F. crookwellense, toxins derived from (zearalenone, deoxynivalenol, nivalenol, and fusarenone X)",3
"Fusarium sporotrichioides, toxins derived from (T-2 toxin)",3
Helicobacter pylori (infection with),1
Microcystis extracts,3
Opisthorchis felineus (infection with),3
Opisthorchis viverrini (infection with),1
Schistosoma haematobium (infection with),1
Schistosoma japonicum (infection with),2B
Schistosoma mansoni (infection with),3
"Acheson process, occupational exposure associated with",1
"Acid mists, strong inorganic",1
Acrylic fibres,3
Acrylonitrile-butadiene-styrene copolymers,3
Alcoholic beverages,1
Alpha particles (see Radionuclides),
Aluminium production,1
"Anaesthetics, volatile",3
Androgenic (anabolic) steroids,2A
Areca nut,1
Arecoline,2B
"Art glass, glass containers and pressed ware (manufacture of)",2A
Auramine production,1
"Automotive gasoline (see also Gasoline engine exhaust, and Aviation gasoline)",1
BK polyomavirus (BKV),2B
"Benzidine, dyes metabolized to",1
Beta particles (see Radionuclides),
Betel quid with tobacco,1
Betel quid without tobacco,1
"Biomass fuel (primarily wood), indoor emissions from household combustion of",2A
Bisulfites,3
"Bitumens, occupational exposure to hard bitumens and their emissions during mastic asphalt work",2B
"Boot and shoe manufacture and repair (see Leather dust, Benzene)",
Bracken fern,2B
Calcium carbide production,3
Carbon electrode manufacture,2A
Carpentry and joinery,2B
Ceramic implants,3
Chimney sweeping (see Soot),
Chlorinated drinking-water,3
Chlorinated paraffins of average carbon chain length C12 and average degree of chlorination approximately 60%,2B
Chlorophenols (see Polychlorophenols),
Chlorophenoxy herbicides,2B
Coal dust,3
Coal gasification,1
"Coal, indoor emissions from household combustion of",1
"Cobalt and cobalt compounds, see Soluble cobalt(II) salts, Cobalt metal (without tungsten carbide or other metal alloys), Cobalt(II) oxide, Cobalt(II,III) oxide, Cobalt(II) sulfide, and Other cobalt(II) compounds (not including Soluble cobalt(II) salts, Cobalt(II) oxide, Cobalt(II,III) oxide, or Cobalt(II) sulfide)",
"Cobalt metal without tungsten carbide, see Cobalt metal (without tungsten carbide or other metal alloys)",
"Cobalt sulfate and other soluble cobalt(II) salts, see Soluble cobalt(II) salts",
"Coffee, drinking",3
Coke production,1
Continuous glass filament (see Glass filament),
Dental materials,3
"Depleted uranium (see Radionuclides, alpha-particle-emitting, internally deposited)",
"Diesel engine exhaust (see Engine exhaust, diesel)",
"Diesel fuel, marine",2B
"Diesel fuels, distillate (light)",3
Dry cleaning (occupational exposures in),2B
"Dyes metabolized to benzidine (see Benzidine, dyes metabolized to)",
"Electric fields, extremely low-frequency",3
"Electric fields, static",3
"Engine exhaust, diesel",1
"Engine exhaust, gasoline",2B
Epstein-Barr virus,1
"Estrogen therapy, postmenopausal",1
Estrogen-progestogen menopausal therapy (combined),1
Estrogen-progestogen oral contraceptives (combined),1
Firefighter (occupational exposure as a),1
"Fission products, including strontium-90",1
Flat-glass and specialty glass (manufacture of),3
Fluorescent lighting,3
Fluoro-edenite fibrous amphibole,1
"Foreign  bodies (see Ceramic implants, Dental materials, Implanted foreign bodies, Metallic implants, Organic polymeric materials, Orthopaedic implants, Polymeric implants, Silicone breast implants)",
"Frying, emissions from high-temperature",2A
"Fuel oils, distillate (light)",3
"Fuel oils, residual (heavy)",2B
Furniture and cabinet making (see Wood dust),
Gamma-Radiation (see X- and Gamma-Radiation),
"Aviation gasoline (see also Automotive gasoline, and Gasoline engine exhaust)",2B
"Gasoline engine exhaust (see Engine exhaust, gasoline)",
"Glass filament, continuous",3
Goldenseal root powder,2B
Haematite mining (underground),1
Hair colouring products (personal use of),3
Hairdresser or barber (occupational exposure as a),2A
Hepatitis B virus (chronic infection with),1
Hepatitis C virus (chronic infection with),1
Hepatitis D virus,3
Hexachlorocyclohexanes,2B
High-temperature frying (see Frying),
"Household combustion of biomass fuel (see Biomass fuel, indoor emissions from household combustion of)",
"Household combustion of coal (see Coal, indoor emissions from household combustion)",
Human T-cell lymphotropic virus type I,1
Human T-cell lymphotropic virus type II,3
Human herpesvirus type 4 (see Epstein-Barr virus),
Human herpesvirus type 8 (see Kaposi sarcoma herpesvirus),
Human immunodeficiency virus type 1 (infection with),1
Human immunodeficiency virus type 2 (infection with),2B
Human papillomavirus (HPV) genus beta (except types 5 and 8) and genus gamma,3
Human papillomavirus (HPV) type 16,1
Human papillomavirus (HPV) type 18,1
Human papillomavirus (HPV) type 33,1
Human papillomavirus (HPV) type 68,2A
"Human papillomavirus (HPV) types 31, 35, 39, 45, 51, 52, 56, 58, 59",1
"Human papillomavirus (HPV) types 26, 53, 66, 67, 70, 73, 82",2B
"Human papillomavirus (HPV) types 30, 34, 69, 85, 97",2B
Human papillomavirus (HPV) types 5 and 8 (in patients with epidermodysplasia verruciformis),2B
Human papillomavirus (HPV) types 6 and 11,3
Hypochlorite salts,3
"Implanted foreign bodies of metallic chromium or titanium and of cobalt-based, chromium-based, and titanium-based alloys, and stainless steel",3
"Implanted foreign bodies of metallic cobalt, metallic nickel and an alloy powder containing 66-67% nickel, 13-16% chromium, and 7% iron",2B
Insulation glass wool,3
"Involuntary smoking (see Tobacco smoke, secondhand)",
Ionizing radiation (all types),1
Iron and steel founding (occupational exposure during),1
Isopropyl alcohol manufacture using strong acids,1
Isopropyl oils,3
JC polyomavirus (JCV),2B
Jet fuel,3
Kaposi sarcoma herpesvirus,1
"Lead compounds, inorganic",2A
"Lead compounds, organic",3
Leather dust,1
Leather goods manufacture (see also Leather dust),3
Leather tanning and processing,3
Lumber and sawmill industries (including logging),3
MOPP and other combined chemotherapy including alkylating agents,1
Madder root (Rubia tinctorum),3
Magenta production,1
"Magnetic fields, extremely low-frequency",2B
"Magnetic fields, static",3
Malaria (caused by infection with Plasmodium falciparum in holoendemic areas),2A
"Mate, hot (see Very hot beverages)",
"Mate, not very hot (drinking)",3
Merkel cell polyomavirus (MCV),2A
Metabisulfites,3
Metallic implants prepared as thin smooth films,2B
Methylmercury compounds,2B
"Mineral oils, highly-refined",3
"Mineral oils, untreated or mildly treated",1
Modacrylic fibres,3
Neutron radiation,1
Nickel compounds,1
Nickel refining (see Nickel compounds),
Night shift work,2A
Nitrate or nitrite (ingested) under conditions that result in endogenous nitrosation,2A
Non-arsenical insecticides (occupational exposures in spraying and application of),2A
Oestrogen (see Estrogen),
Opium consumption,1
"Oral contraceptives, combined estrogen-progestogen (see Estrogen-progestogen oral contraceptives)",
Organic polymeric materials,3
Orthopaedic implants of complex composition and cardiac pacemakers,3
"Other cobalt(II) compounds (not including Soluble cobalt(II) salts, Cobalt(II) oxide, Cobalt(II,III) oxide, and Cobalt(II) sulfide)",3
Outdoor air pollution,1
"Outdoor air pollution, particulate matter in",1
Oxymetholone (see Androgenic (anabolic) steroids),
Paint manufacture (occupational exposure in),3
Painter (occupational exposure as a),1
"Particulate matter in outdoor air pollution (see Outdoor air pollution, particulate matter in)",
Paving and roofing with coal-tar pitch (see Coal-tar pitch),
Pentavalent antimony,3
Petroleum refining (occupational exposures in),2A
Petroleum solvents,3
"Phenacetin, analgesic mixtures containing",1
Pickled vegetables (traditional Asian),2B
"Polychlorinated biphenyls, dioxin-like, with a Toxicity Equivalency Factor (TEF) according to WHO (PCBs 77, 81, 105, 114, 118, 123, 126, 156, 157, 167, 169, 189)",1
"Polychlorinated dibenzo-para-dioxins (other than 2,3,7,8-tetrachlorodibenzo-para-dioxin)",3
"Polychlorinated dibenzofurans (see 2,3,4,7,8-Pentachlorodibenzofuran)",3
"Polychlorophenols and their sodium salts (mixed exposures) (see Pentachlorophenol; 2,4,6-Trichlorophenol)",2B
Polymeric implant prepared as thin smooth films (with the exception of poly-glycolic acid),2B
Printing inks,3
Printing processes (occupational exposures in),2B
Processed meat (consumption of),1
Proflavine salts,3
Progestins (see also Progestogen-only contraceptives),2B
Progestogen-only contraceptives,2B
Pulp and paper manufacture,3
Radiofrequency electromagnetic fields,2B
"Radioiodines, including iodine-131",1
"Radionuclides, alpha-particle-emitting, internally deposited",1
"Radionuclides, beta-particle-emitting, internally deposited",1
Red meat (consumption of),2A
Refractory ceramic fibres,2B
Rock (stone) wool,3
Rubber manufacturing industry,1
SV40 polyomavirus,3
"Salted fish, Chinese-style",1
Silicone breast implants,3
Slag wool,3
"Solar radiation (see Ultraviolet radiation (wavelengths 100–400 nm, encompassing UVA, UVB, and UVC); Ultraviolet radiation from welding; and Ultraviolet-emitting tanning devices)",1
Soluble cobalt(II) salts,2A
Soot (as found in occupational exposure of chimney sweeps),1
Special-purpose fibres such as E-glass and '475' glass fibres,2B
Sulfites,3
Sunlamps and sunbeds (see Ultraviolet-emitting tanning devices),
"Surgical implants (see Ceramic implants, Dental materials, Implanted foreign bodies, Metallic implants, Organic polymeric materials, Orthopaedic implants, Polymeric implants, Silicone breast implants)",
Tea,3
Testosterone (see Androgenic (anabolic) steroids),
Tetrakis(hydroxymethyl)phosphonium salts,3
Textile manufacturing industry (work in),2B
"Tobacco smoke, secondhand",1
Tobacco smoking,1
"Tobacco, smokeless",1
Toxins derived from certain Fusarium species (see Fusarium),
Trivalent antimony,2A
"Ultraviolet radiation from welding (see Ultraviolet radiation (wavelengths 100–400 nm, encompassing UVA, UVB, and UVC); Ultraviolet-emitting tanning devices; and Solar radiation)",1
"Ultraviolet radiation (wavelengths 100–400 nm, encompassing UVA, UVB, and UVC) (see Ultraviolet radiation from welding; Ultraviolet-emitting tanning devices; and Solar radiation)",1
"Ultraviolet-emitting tanning devices (see Ultraviolet radiation (wavelengths 100–400 nm, encompassing UVA, UVB, and UVC); Ultraviolet radiation from welding; and Solar radiation)",1
Urethane (see Ethyl carbamate),
Very hot beverages at above 65 °C (drinking),2A
Weapons-grade tungsten (with nickel and cobalt) alloy,2B
Welding fumes,1
Wood dust,1
"Wood smoke (see Biomass fuel, indoor emissions from household combustion)",
X- and Gamma-Radiation,1
4-Chloronitrobenzene,2B
para-Nitroanisole,2B
4-Vinylcyclohexene,2B
Ethylbenzene,2B
Styrene,2A
N-Nitrosopiperidine,2B
Iodine-131 (see Radioiodines),
Radon-222 and its decay products,1
Sterigmatocystin,2B
Parasorbic acid,3
Strontium-90 (see Fission products),
"4,4'-Methylenebis(2-chloroaniline) (MOCA)",1
Chloropropham,3
Dinitrosopentamethylenetetramine,3
"Michler’s base [4,4´-methylenebis(N,N-dimethyl)­benzenamine]",2B
"4,4'-Methylenediphenyl diisocyanate",3
"4,4'-Methylenedianiline",2B
"4,4'-Diaminodiphenyl ether",2B
Diglycidyl resorcinol ether,2B
Microcystin-LR,2B
meta-Cresidine,3
Triethanolamine,3
Phenicarbazide,3
2-Ethylhexyl acrylate,2B
Di(2-ethylhexyl) adipate,3
Azobenzene,3
Acetaminophen (see Paracetamol),
Paracetamol (Acetaminophen),3
Copper 8-hydroxyquinoline,3
para-Anisidine,3
Tacrolimus,1
para-Benzoquinone dioxime,3
"N,N'-Diethylthiourea",3
Caprolactam,3
Lauroyl peroxide,3
Tamoxifen,1
"PhIP (2-Amino-1-methyl-6-phenylimidazo[4,5-b]pyridine)",2B
"3,7-Dinitrofluoranthene",2B
N-Nitrosomethylethylamine,2B
Chloramine,3
para-Dichlorobenzene,2B
para-Chloroaniline,2B
para-Phenylenediamine,3
para-Quinone,3
4-Vinylcyclohexene diepoxide,2B
"1,2-Epoxybutane",2B
Epichlorohydrin,2A
Glycidyl methacrylate,2A
Ethylene dibromide,2A
1-Bromopropane,2B
"1,3-Butadiene",1
Acrolein,2A
Allyl chloride,3
"1,2-Dichloroethane",2B
Acrylonitrile,1
Chloroacetonitrile,3
Chloromethyl methyl ether (see Bis(chloromethyl)ether; chloromethyl methyl ether),
Glyphosate,2A
2-(1-Aziridinyl)ethanol,3
Vinyl acetate,2B
Methyl isobutyl ketone,2B
Diisopropyl ether,3
Succinic anhydride,3
meta-Phenylenediamine,3
Resorcinol,3
Bis(2-chloro-1-methylethyl)ether,3
Melamine,2B
Toluene,3
Cyclohexanone,3
Phenol,3
β-Picoline,3
1-Bromo-3-chloropropane,2B
Tetrahydrofuran,2B
Furan,2B
"trans-1,4-Dichlorobutene",3
Pyridine,2B
Morpholine,3
Bleomycins,2B
Diethanolamine,2B
Bis(2-chloroethyl)ether,3
2-Butoxyethanol,3
Pioglitazone,2A
"Naphtho[1,2-b]fluoranthene",3
N-Nitrosodiethanolamine,2B
"1,3-Propane sultone",2A
Dithranol,3
Azaserine,2B
Propylene,3
Chlorendic acid,2B
Dicofol,3
Tris(2-chloroethyl) phosphate,3
Aldicarb,3
Tetrafluoroethylene,2A
Decabromodiphenyl oxide,3
"Fusarium moniliforme, toxins derived from (fumonisin B1, fumonisin B2, and fusarin C)",2B
Fumonisin B1,2B
"Dantron (Chrysazin; 1,8-Dihydroxyanthraquinone)",2B
Quercetin,3
2-Aminoanthraquinone,3
Bis(2-ethylhexyl) phthalate (see Di(2-ethylhexyl) phthalate),
Di(2-ethylhexyl)phthalate,2B
Hexachlorobenzene,2B
Anthranilic acid,3
"2,4,6-Trinitrotoluene",3
Nodularins,3
4-Amino-2-nitrophenol,3
Benzophenone,2B
"3,3'-Dimethoxybenzidine (ortho-Dianisidine)",2B
"3,3'-Dimethylbenzidine (ortho-Tolidine)",2B
Anthracene,2B
Isosafrole,3
para-Cresidine,2B
Catechol,2B
Vitamin K substances,3
Tungsten carbide with cobalt metal (see Cobalt metal with tungsten carbide),
"2,4-Dinitrotoluene",2B
2-Amino-5-nitrothiazole,3
"N,N-Dimethylaniline",3
3-Chloronitrobenzene,3
Malathion,2A
2-Amino-5-nitrophenol,3
Zineb,3
Attapulgite (see Palygorskite),
"Palygorskite (Attapulgite) (long fibres, > 5 micrometres)",2B
"Palygorskite (Attapulgite)(short fibres, < 5 micrometres)",3
Aurothioglucose,3
Simazine,3
Diphenylamine,2B
Propham,3
Phenyl glycidyl ether,2B
"1,2-Diphenylhydrazine",2B
Rosiglitazone,3
Hydroquinone,3
Maleic hydrazide,3
β-Myrcene,2B
"1,4-Dioxane",2B
Chlorodibromomethane,3
Methylarsonic acid,2B
Monomethylarsonic acid (see Methylarsonic acid),
Maneb,3
Primidone,2B
Griseofulvin,2B
"Tris(2,3-dibromopropyl) phosphate",2A
Nitrogen mustard N-oxide,2B
Chloroprene,2B
Cyclochlorotine,3
Hydroxyurea,3
Tetrachloroethylene (Perchloroethylene),2A
"N,N-Dimethylacetamide",2B
Sulfafurazole (Sulfisoxazole),3
Butylated hydroxytoluene (BHT),3
Vat Yellow 4,3
Pyrene,3
2-Methyl-1-nitroanthraquinone (uncertain purity),2B
Blue VRS,3
Oxyphenbutazone,3
1-Hydroxyanthraquinone,2B
Leucomalachite green (see also Malachite green),2B
1-(2-Chloroethyl)-3-cyclohexyl-1-nitrosourea (CCNU) (Lomustine),2A
Gallium arsenide (see Arsenic and inorganic arsenic compounds),
Medphalan,3
Cobalt(II) oxide,2B
"Cobalt(II,III) oxide",3
Ferric oxide,3
"Antimony trioxide, see Trivalent antimony",
Yellow OB,3
Molybdenum trioxide,2B
Vanadium pentoxide,2B
Cobalt(II) sulfide,3
Haematite,3
"Zeolites other than erionite (clinoptilolite, phillipsite,mordenite, non-fibrous Japanese zeolite, synthetic zeolites)",3
Sodium ortho-phenylphenate,2B
Dibenzothiophene,3
Radium-224 and its decay products,1
N-Nitrososarcosine,2B
Rifampicin,3
Captan,3
Xylenes,3
"Asbestos (all forms, including actinolite, amosite, anthophyllite, chrysotile, crocidolite, tremolite)",1
Carbon black,2B
Polychlorinated biphenyls,1
Iron sorbitol-citric acid complex,3
ortho-Anisidine hydrochloride (see also ortho-Anisidine),2A
1-Naphthylamine,3
"Antimony trisulfide, see Trivalent antimony",
Titanium dioxide,2B
"1,2-Bis(chloromethoxy)ethane",3
Cupferron,2B
N-Phenyl-2-naphthylamine,3
Phenazopyridine hydrochloride,2B
"2,4,5-Trimethylaniline",3
Thiram,3
Ziram,3
Voriconazole,1
Shikimic acid,3
Cyclamates (sodium cyclamate),3
Nitrilotriacetic acid and its salts,2B
"4,4'-Thiodianiline",2B
Nithiazide,3
1-(2-Chloroethyl)-3-(4-methylcyclohexyl)-1-nitrosourea (Methyl-CCNU) (Semustine),1
Radium-226 and its decay products,1
Wollastonite,3
Benzyl acetate,3
para-Dimethylaminoazobenzenediazo sodium sulfonate,3
Aramite®,2B
Ethyl acrylate,2B
Tannic acid and tannins,3
Aflatoxins,1
"3,3′,4,4′-Tetrachloroazobenzene",2A
n-Butyl acrylate,3
"3,4-Epoxy-6-methylcyclohexylmethyl-3,4-epoxy-6-methylcyclo-hexanecarboxylate",3
Thiouracil,2B
Aniline hydrochloride (see also Aniline),2A
"2,4-Hexadienal",2B
Chlordecone (Kepone),2B
Vinblastine sulfate,3
Methyl selenac,3
Ferbam,3
"Phosphorus-32, as phosphate",1
"1,2:3,4-Diepoxybutane (see 1,3-Butadiene)",
Sodium diethyldithiocarbamate,3
8-Hydroxyquinoline,3
Melphalan,1
Talc,2A
Talc containing asbestos (see Asbestos),
Talc-based body powder (perineal use of) (see Talc),
"Silica dust, crystalline, in the form of quartz or cristobalite",1
Patulin,3
2-Mercaptobenzothiazole,2A
Cycasin,2B
para-Aminobenzoic acid,3
Monuron,3
Dulcin,3
Eosin,3
Aziridine,2B
Radium-228 and its decay products,1
Bischloroethyl nitrosourea (BCNU) (Carmustine),2A
Sepiolite,3
Isatidine,3
para-Nitrosodiphenylamine,3
Phenelzine sulfate,3
"Trimethylolpropane triacrylate, technical grade",2B
Cisplatin,2A
"2,2',5,5'-Tetrachlorobenzidine",3
Trifluralin,3
Chromium (III) compounds,3
"CI Direct Brown 95 (see Benzidine, dyes metabolized to)",
"1,2-Diethylhydrazine",2B
Methyl tert-butyl ether,2B
N'-Nitrosonornicotine (NNN) and 4-(N-Nitrosomethylamino)-1-(3-pyridyl)-1-butanone (NNK),1
Gyromitrin,3
Bisphenol A diglycidyl ether (Araldite),3
4-Hydroxyazobenzene,3
Benzyl violet 4B,2B
"Fluorides (inorganic, used in drinking-water)",3
6-Methylchrysene,3
3-Methylfluoranthene,3
3-Nitrobenzanthrone,2B
"2,3,7,8-Tetrachlorodibenzo-para-dioxin",1
Perfluorooctanesulfonic acid (PFOS),2B
Nitrofen (technical-grade),2B
Chromium (VI) compounds,1
Streptozotocin,2B
"Dibenzo[a,i]pyrene",2B
"Dibenzo[a,h]pyrene",2B
Chlorothalonil,2B
Coronene,3
Benzo[ghi]perylene,3
Anthanthrene,3
"Dibenzo[a,l]pyrene",2A
Atrazine,3
Picloram,3
"Dibenzo[h,rst]pentaphene",3
"Dibenzo[e,l]pyrene",3
"Dibenzo[a,e]pyrene",3
Benzo[e]pyrene,3
"Naphtho[2,3-e]pyrene",3
"Indeno[1,2,3-cd]pyrene",2B
CI Orange G,3
Orange G (see CI Orange G),
"CI Direct Black 38 (see Benzidine, dyes metabolized to)",
"7H-Dibenzo[c,g]carbazole",2B
Benzo[c]phenanthrene,2B
Triethylene glycol diglycidyl ether,3
Benzo[g]chrysene,3
Perylene,3
3-Carbethoxypsoralen,3
Benz[j]aceanthrylene,2B
11H-Benz[bc]aceanthrylene,3
4H-Cyclopenta[def]chrysene,3
7-Nitrobenz[a]anthracene,3
Benzo[ghi]fluoranthene,3
"Naphtho[2,1-a]fluoranthene",3
Benzo[a]fluoranthene,3
Benzo[c]fluorene,3
Benzo[j]fluoranthene,2B
Benzo[b]fluoranthene,2B
3-Nitroperylene,3
Fluoranthene,3
Vincristine sulfate,3
Benzo[k]fluoranthene,2B
"13H-Dibenzo[a,g]fluorene",3
Digoxin,2B
Daunomycin (Daunorubicin),2B
Ethyl tellurac,3
Benz[l]aceanthrylene,3
T2-Trichothecene,3
Picene,3
Benzo[b]chrysene,3
"Dibenz[a,c]anthracene",3
Fluometuron,3
Bis(1-aziridinyl)morpholinophosphine sulfide,3
Triphenylene,3
Chrysene,2B
Luteoskyrin,3
Tetrachlorvinphos,2B
"1,4-Dimethylphenanthrene",3
Indium phosphide,2A
"Dibenz[a,j]anthracene",3
"Dibenz[a,j]acridine",2A
"Dibenz[c,h]acridine",2B
"1,5-Naphthalenediamine",3
Benz[a]acridine,3
Benz[c]acridine,3
"3,9-Dinitrofluoranthene",2B
Symphytine,3
"Dibenz[a,h]acridine",2B
Aspartame,2B
Oestradiol mustard,3
"4,4'-Dimethylangelicin plus ultraviolet A radiation",3
Diallate,3
Senkirkine,3
Adriamycin (Doxorubicin),2A
Riddelliine,2B
Hycanthone mesylate,3
Fast Green FCF,3
Rugulosin,3
Potassium bis(2-hydroxyethyl)dithiocarbamate,3
Benzo[a]fluorene,3
Mirex,2B
"Bis(2,3-epoxycyclopentyl)ether",3
"Benzo[b]naphtho[2,1-d]thiophene",3
Captafol,2A
CI Pigment Red 3,3
1-Butyl glycidyl ether,2B
CI Direct Blue 15,2B
Benzo[b]fluorene,3
11-Aminoundecanoic acid,3
"cis-9,10-Epoxystearic acid",3
Disperse Blue 1,2B
para-Aramid fibrils,3
Vinyl toluene,3
Butylated hydroxyanisole (BHA),2B
Nylon 6,3
"Acepyrene (3,4-dihydrocyclopenta[cd]pyrene)",3
Gemfibrozil,3
"trans-2-[(Dimethylamino)methylimino]-5-[2-(5-nitro-2-furyl)-vinyl]-1,3,4-oxadiazole",2B
"CI Direct Blue 6 (see Benzidine, dyes metabolized to)",
"A-alpha-C (2-Amino-9H-pyrido[2,3-b]indole)",2B
Dibenzo-para-dioxin,3
Ripazepam,3
Oil Orange SS,2B
Toluene diisocyanates,2B
Hydroxysenkirkine,3
Benzofuran,2B
Cyclopenta[cd]pyrene,2A
Agaritine,3
Sunset Yellow FCF,3
HC Blue No. 1,2B
Disperse Yellow 3,3
Allyl isovalerate,3
CI Direct Blue 218,2B
"3,3'-Dichloro-4,4'-diaminodiphenyl ether",2B
HC Red No. 3,3
Prednimustine,3
N-Nitrosofolic acid,3
Prazepam,3
Diisopropyl sulfate,2B
Teniposide,2A
Methyl parathion,3
Methoxsalen (8-methoxypsoralen) plus ultraviolet A radiation,1
Treosulfan,1
Estazolam,3
Dichloroacetonitrile,3
Hydrazine,2A
Chloral hydrate,2A
Lasiocarpine,2B
Ochratoxin A,2B
N-Nitrosohydroxyproline,3
Chlorambucil,1
Zidovudine (AZT),2B
beta-Butyrolactone,2B
"Carbon nanotubes, multiwalled MWCNT-7",2B
"Carbon nanotubes, multiwalled, other than MWCNT-7",3
"Carbon nanotubes, single-walled",3
"Multiwalled carbon nanotubes MWCNT-7 (see Carbon nanotubes, multiwalled MWCNT-7)",
"Multiwalled carbon nanotubes other than MWCNT-7 (see Carbon nanotubes, multiwalled, other than MWCNT-7)",
"Single-walled carbon nanotubes (see Carbon nanotubes, single-walled)",
"Silicon carbide, fibrous",2B
"Aldrin (see Dieldrin, and aldrin metabolized to dieldrin)",
Sudan II,3
Aristolochic acid,1
"Aristolochic acid, plants containing",1
Evans blue,3
Zectran,3
Monocrotaline,2B
"1,5-Naphthalene diisocyanate",3
Azacitidine,2A
Dibromoacetonitrile,2B
"2,2-Bis(bromomethyl)propane-1,3-diol",2B
Caffeic acid,2B
HC Blue No. 2,3
Diazinon,2A
Diazomethane,3
Etoposide,1
Etoposide in combination with cisplatin and bleomycin,1
Perfluorooctanoic acid (PFOA),1
1-Methylchrysene,3
4-Methylchrysene,3
3-Methylchrysene,3
2-Methylchrysene,3
2-Methylfluoranthene,3
Ponceau 3R,2B
Carmoisine,3
2-(2-Formylhydrazino)-4-(5-nitro-2-furyl)thiazole,2B
Procarbazine hydrochloride,2A
AF-2 [2-(2-Furyl)-3-(5-nitro-2-furyl)acrylamide],2B
5-Methylchrysene,2B
Pentosan polysulfate sodium,2B
Ponceau MX,2B
N'-Nitrosoanabasine (NAB),3
Nafenopin,2B
Isophosphamide,3
5-(Morpholinomethyl)-3-[(5-nitrofurfurylidene)­amino]-2-oxazolidinone,2B
"Brilliant Blue FCF, disodium salt",3
"1,2,3-Tris(chloromethoxy)propane",3
"4,5',8-Trimethylpsoralen",3
Triamterene,2B
"4,5'-Dimethylangelicin plus ultraviolet A radiation",3
Doxefazepam,3
Silicon carbide whiskers,2A
Crotonaldehyde,2B
Ethylene sulfide,3
"1,6-Dinitropyrene",2B
"1,8-Dinitropyrene",2B
Dacarbazine,2B
Diazepam,3
Metronidazole,2B
Azathioprine,1
Ponceau SX,3
N-Nitrosomethylvinylamine,2B
5-Aminoacenaphthene,3
Guinea Green B,3
Retrorsine,3
Seneciphylline,3
5-Methoxypsoralen,2A
"2,4'-Diphenyldiamine",3
Auramine,2B
Methyl red,3
"N,N-Bis(2-chloroethyl)-2-naphthylamine (see Chlornaphazine)",
Chlornaphazine,1
Acridine orange,3
Formaldehyde,1
Phenobarbital,2B
Mitomycin C,2B
Cyclophosphamide,1
"DDT (4,4'-dichlorodiphenyltrichloroethane)",2A
Benzo[a]pyrene,1
Phenylbutazone,3
Clomiphene citrate,3
6-Mercaptopurine,3
Reserpine,3
Actinomycin D,3
Kojic acid,3
Mustard gas (see Sulfur mustard),
Sulfur mustard,1
Tetranitromethane,2B
Indium tin oxide,2B
Pronetalol hydrochloride,3
Piperonyl butoxide,3
"2,4,6-Tris(1-aziridinyl)-s-triazine",3
5-Fluorouracil,3
Propylthiouracil,2B
Nitrogen mustard,2A
Ethyl carbamate (Urethane),2A
Chlorobenzilate,3
Amsacrine,2B
1-Chloro-2-methylpropene,2B
4-Chloro-meta-phenylenediamine,3
Light Green SF,3
Cimetidine,3
D & C Red No. 9,3
Fenvalerate,3
Citrinin,3
Spironolactone,3
Thiotepa,1
Apholate,3
Trichlorfon,3
Kaempferol,3
CI Acid Orange 20,3
Orange I (see CI Acid Orange 20),
Angelicin plus ultraviolet A radiation,3
Permethrin,3
Deltamethrin,3
Prednisone,3
"Dibenz[a,h]anthracene",2A
"1,4-Diamino-2-nitrobenzene",3
Merphalan,2B
N-[4-(5-Nitro-2-furyl)-2-thiazolyl]acetamide,2B
Chrysoidine,3
Ethionamide,3
"Dibenzo[a,e]fluoranthene",3
"Carrageenan, degraded (Poligeenan)",2B
"Poligeenan (see Carrageenan, degraded)",
Chloroquine,3
Furosemide (Frusemide),3
Isonicotinic acid hydrazide (Isoniazid),3
"1,2-Dimethylhydrazine",2A
meta-Dichlorobenzene,3
Isobutyl nitrite,2B
"1,3-Dichloropropene (technical-grade)",2B
Malonaldehyde,3
Bis(chloromethyl)ether; chloromethyl methyl ether (technical-grade),1
Glycidyl oleate,3
Trichloroacetonitrile,3
Tris(1-aziridinyl)phosphine oxide,3
Ethyl selenac,3
Chlorozotocin,2A
Gentian violet (see also Leucogentian violet),2B
N-Nitrosodiethylamine,2A
"1,4-Butanediol dimethanesulfonate (see Busulfan)",
Busulfan,1
Myleran (see Busulfan),
Mannomustine dihydrochloride,3
1-Nitropyrene,2A
1-[(5-Nitrofurfurylidene)amino]-2-imidazolidinone,2B
N-Nitrosoguvacine,3
N-Nitrosoguvacoline,3
Glycidol,2A
Bromochloroacetic acid,2B
Methylthiouracil,2B
Carbon tetrachloride,2B
Cantharidin,3
Parathion,2B
Diethylstilbestrol,1
Benz[a]anthracene,2B
Chloramphenicol,2A
Doxylamine succinate,3
Semicarbazide hydrochloride,3
"3-Chloro-2-methylpropene, technical grade",2B
"1,4-Bis(chloromethoxymethyl)benzene",3
CI Basic Red 9,2B
Malachite green (see also Leucomalachite green),3
Allyl isothiocyanate,3
"1,1-Dimethylhydrazine",2B
Tris(2-methyl-1-aziridinyl)phosphine oxide,3
Phenytoin,2B
beta-Propiolactone,2B
Sulfamethazine,3
Chlordane,2B
Cholesterol,3
1-tert-Butoxypropan-2-ol,2B
"2,3,4,7,8-Pentachlorodibenzofuran",1
"3,3’,4,4’,5-Pentachlorobiphenyl (PCB-126)",1
4-Nitropyrene,2B
Caffeine,3
Pyrimethamine,3
Theophylline,3
Lindane (see also Hexachlorocyclohexanes),1
Hydrochlorothiazide,1
2-Nitronaphthalene,3
Methotrexate,3
Nitrofural (Nitrofurazone),3
N-Nitrosomorpholine,2B
Methylazoxymethanol acetate,2B
Aciclovir,3
Vinyl bromide,2A
Chlorofluoromethane,3
Polybrominated biphenyls,2A
Methyl carbamate,3
HC Yellow No. 4,3
Ciclosporin,1
d-Limonene,3
Sulfasalazine,2B
para-Aminoazobenzene,2B
para-Dimethylaminoazobenzene,2B
Acetamide,2B
Methimazole,3
"Dieldrin (see Dieldrin, and aldrin metabolized to dieldrin)",
"Dieldrin, and aldrin metabolized to dieldrin",2A
Petasitenine,3
3-(N-Nitrosomethylamino)propionitrile,2B
9-Nitroanthracene,3
5-Nitroacenaphthene,2B
Leucogentian violet (see also Gentian violet),3
Oxazepam,2B
"2,6-Dinitrotoluene",2B
2-Nitrofluorene,2B
"2,6-Dichloro-para-phenylenediamine",3
Niridazole,2B
Amitrole,3
"2,4-Dichloro-1-nitrobenzene",2B
"N,N'-Diacetylbenzidine",2B
"2,4-Diaminoanisole",2B
ortho-Phenylenediamine dihydrochloride,2B
N-Methyl-N-nitrosourethane,2B
Chlordimeform,3
"3,5-Dinitrotoluene",3
Phenacetin,1
Ethyl methanesulfonate,2B
Aniline (see also Aniline hydrochloride),2A
Thioacetamide,2B
Thiourea,3
Dichlorvos,2B
N-Nitrosodimethylamine,2A
N-Nitrosodi-n-propylamine,2B
"Trp-P-1 (3-Amino-1,4-dimethyl-5H-pyrido[4,3-b]indole)",2B
"Trp-P-2 (3-Amino-1-methyl-5H-pyrido[4,3-b]indole)",2B
n-Propyl carbamate,3
Carbaryl,3
Phenoxybenzamine hydrochloride,2B
"1,1,1,2-Tetrachloroethane",2B
6-Nitrobenzo[a]pyrene,3
Dibromoacetic acid,2B
Magenta,2B
Citrus Red No. 2,2B
Sudan Red 7B,3
Clofibrate,3
Ethyl tert-butyl ether,2B
CI Acid Orange 3,3
Ethanol in alcoholic beverages,1
Diethyl sulfate,2A
"1,2-Dihydroaceanthrylene",3
Sudan Brown RR,3
Arsenobetaine and other organic arsenic compounds that are not metabolized in humans,3
CI Acid Red 114,2B
"Bitumens, occupational exposure to oxidized bitumens and their emissions during roofing",2A
Mitoxantrone,2B
Coal-tar pitch,1
Methyl methanesulfonate,2A
Uracil mustard,2B
Erionite,1
Nitrofurantoin,3
Furazolidone,3
Isopropyl alcohol,3
Chloroform,2B
Hexachloroethane,2B
"Glu-P-2 (2-Aminodipyrido[1,2-a:3',2'-d]imidazole)",2B
"Glu-P-1 (2-Amino-6-methyldipyrido[1,2-a:3',2'-d]imidazole)",2B
"N,N-Dimethylformamide",2A
Tris(aziridinyl)-para-benzoquinone (Triaziquone),3
Hexamethylphosphoramide,2B
"MeA-alpha-C (2-Amino-3-methyl-9H-pyrido[2,3-b]indole)",2B
Shale oils,1
N-Methyl-N-nitrosourea,2A
Coconut oil diethanolamine condensate,2B
Jacobine,3
Ampicillin,3
2-Methylimidazole,2B
Didanosine,3
N-Methyl-N´-nitro-N-nitrosoguanidine (MNNG),2A
Hexachlorophene,3
"5,6-Cyclopenteno-1,2-benzanthracene",3
Benzene,1
"1,1,1-Trichloroethane",2A
Medroxyprogesterone acetate,2B
"2-Amino-5-(5-nitro-2-furyl)-1,3,4-thiadiazole",2B
N'-Nitrosoanatabine (NAT),3
Endrin,3
Methoxychlor,3
Trypan blue,2B
Methylene blue,3
Sulfamethoxazole,3
5-Methylangelicin plus ultraviolet A radiation,3
Methyl bromide,3
Ethylene,3
Methyl chloride,3
Methyl iodide,3
Bromoethane,3
Lead,2B
Mercury and inorganic mercury compounds,3
"Nickel, metallic",2B
Plutonium,1
Thorium-232 and its decay products,1
Arsenic and inorganic arsenic compounds,1
Beryllium and beryllium compounds,1
Cadmium and cadmium compounds,1
"Chromium, metallic",3
Cobalt metal (without tungsten carbide or other metal alloys),2A
Cobalt metal with tungsten carbide,2A
"Uranium, mixture of isotopes (see Radionuclides, alpha-particle-emitting, internally deposited)",1
Sulfur dioxide,3
Glycidyl stearate,3
Zalcitabine,2B
6-Nitrochrysene,2A
Chloroethane,3
Vinyl chloride,1
Vinyl fluoride,2A
Acetaldehyde,2B
Acetaldehyde associated with consumption of alcoholic beverages,1
Dichloromethane (Methylene chloride),2A
Ethylene oxide,1
Bromoform,3
2-Bromopropane,2A
Bromodichloromethane,2B
Vinylidene chloride,2B
Vinylidene fluoride,3
Chlorodifluoromethane,3
Nitromethane,2B
2-Methylaziridine (Propyleneimine),2B
Propylene oxide,2B
Dimethylarsinic acid,2B
tert-Butyl alcohol,3
Chloral,2A
"2-Chloro-1,1,1-trifluoroethane",3
N-Nitrosoproline,3
"1,3-Dinitropyrene",2B
Dichloroacetylene,3
N-Ethyl-N-nitrosourea,2A
Pentachloroethane,3
Trichloroacetic acid,2B
Heptachlor,2B
"IQ (2-Amino-3-methylimidazo[4,5-f]quinoline)",2A
"Silica, amorphous",3
Hydrochloric acid,3
Glycidaldehyde,2B
Strong-inorganic-acid mists containing sulfuric acid (see Acid mists),
Phenolphthalein,2B
Dimethyl sulfate,2A
"MeIQ (2-Amino-3,4-dimethylimidazo[4,5-f]quinoline)",2B
Hydrogen peroxide,3
3-Chloro-4-(dichloromethyl)-5-hydroxy-2(5H)-furanone,2B
"MeIQx (2-Amino-3,8-dimethylimidazo[4,5-f]quinoxaline)",2B
Potassium bromate,2B
Sodium chlorite,3
Selenium and selenium compounds,3
Isophorone,2B
Isoprene,2B
"1,2-Dichloropropane",1
Methylglyoxal,3
2-Nitropyrene,3
"1,1,2-Trichloroethane",3
Trichloroethylene,1
Acrylamide,2A
Acrylic acid,3
"1,1,2,2-Tetrachloroethane",2B
Dichloroacetic acid,2B
Dimethylcarbamoyl chloride,2A
2-Nitropropane,2B
Tetrabromobisphenol A,2A
Dihydroxymethylfuratrizine (see also Panfuran S),3
Panfuran S (containing dihydroxymethylfuratrizine),2B
Dapsone,3
Methyl methacrylate,3
Aziridyl benzoquinone,3
Toxaphene (Polychlorinated camphenes),2B
Terpene polychlorinates (Strobane®),3
Creosotes,2A
Crude oil,3
Coal tars (see Coal-tar distillation),
Coal-tar distillation,1
Acriflavinium chloride,3
Nitrovin,3
Saccharated iron oxide,3
"Bitumens, extracts of steam-refined and air-refined; steam-refined, cracking-residue and air-refined bitumens (see Bitumens, occupational exposures)",
"Bitumens, occupational exposure to straight-run bitumens and their emissions during road paving",2B
Saccharin and its salts,3
Musk xylene,3
"1-Amino-2,4-dibromoanthraquinone",2B
Rhodamine B,3
Trichlormethine (Trimustine hydrochloride),2B
1-Amino-2-methylanthraquinone,3
Quintozene (Pentachloronitrobenzene),3
4-Methylimidazole,2B
Droloxifene,3
Dimethoxane,3
Acenaphthene,3
Diacetylaminoazotoluene,3
Musk ambrette,3
Theobromine,3
1-Methylphenanthrene,3
Bromochloroacetonitrile,3
"4,4'-Methylene bis(2-methylaniline)",2B
Anthraquinone,2B
Sudan I,3
Temazepam,3
Phenanthrene,3
Butyl benzyl phthalate,3
Scarlet Red,3
Yellow AB,3
Sudan III,3
3-(N-Nitrosomethylamino)propionaldehyde,3
"Pyrido[3,4-c]psoralen",3
"7-Methylpyrido[3,4-c]psoralen",3
N-Nitrosodiphenylamine,3
Hydralazine,3
1-Nitronaphthalene,3
Fluorene,3
Carbazole,2B
1-Naphthylthiourea (ANTU),3
Dimethyl hydrogen phosphite,2B
Cinnamyl anthranilate,3
"2,6-Dimethylaniline (2,6-Xylidine)",2B
Hexachlorobutadiene,3
Pentachlorophenol (see also Polychlorophenols),1
Ptaquiloside,3
"2,4,6-Trimethylaniline",3
"2,4,6-Trichlorophenol (see also Polychlorophenols)",2B
N-Vinyl-2-pyrrolidone,3
2-Nitrotoluene,2A
2-Chloronitrobenzene,2B
"Chloronitrobenzenes (see 2-Chloronitrobenzene, 3-Chloronitrobenzene, 4-Chloronitrobenzene)",
"1,4-Dichloro-2-nitrobenzene",2B
Pulegone,2B
3-Nitrofluoranthene,3
Toremifene,3
ortho-Anisidine (see also ortho-Anisidine hydrochloride),2A
ortho-Phenylphenol,3
Penicillic acid,3
"Michler’s ketone [4,4´-Bis(dimethylamino)­benzophenone]",2B
"Carrageenan, native",3
Kava extract,2B
Polytetrafluoroethylene,3
Polyvinyl chloride,3
Polyethylene,3
Polyvinyl alcohol,3
Polyacrylic acid,3
Polypropylene,3
Polyvinyl acetate,3
Vinyl chloride-vinyl acetate copolymers,3
Polyvinyl pyrrolidone,3
Polystyrene,3
Styrene-acrylonitrile copolymers,3
Styrene-butadiene copolymers,3
Iron-dextrin complex,3
Iron-dextran complex,2B
Ginkgo biloba extract,2B
Polyurethane foams,3
Polychloroprene,3
Vinylidene chloride-vinyl chloride copolymers,3
Polymethyl methacrylate,3
Polymethylene polyphenyl isocyanate,3
"4,4',6-Trimethylangelicin plus ultraviolet A radiation",3
Naphthalene,2B
Quinoline,2B
ortho-Nitroanisole,2A
2-Naphthylamine,1
Coumarin,3
"3,3'-Dimethoxybenzidine-4,4'-diisocyanate",3
"3,3'-Dichlorobenzidine",2B
Amaranth,3
4-Aminobiphenyl,1
Benzidine,1
4-Nitrobiphenyl,3
N-Nitrosodi-n-butylamine,2B
N-Methylolacrylamide,2B
Methyleugenol,2A
N-Nitrosopyrrolidine,2B
Benzoyl peroxide,3
Dihydrosafrole,2B
Safrole,2B
"2,4-D (2,4-dichlorophenoxyacetic acid) (See also Chlorophenoxy herbicides)",2B
Sulfallate,2B
ortho-Dichlorobenzene,3
ortho-Toluidine,1
ortho-Phenylenediamine,2B
"2,4-Xylidine",3
4-Chloro-ortho-toluidine,2A
"2,5-Diaminotoluene",3
"2,5-Xylidine",3
5-Chloro-ortho-toluidine,3
"2,4-Diaminotoluene",2B
4-Chloro-ortho-phenylenediamine,2B
2-Amino-4-chlorophenol,2B
"Styrene-7,8-oxide",2A
"1,2-Dibromo-3-chloropropane",2B
"2,3-Dibromopropan-1-ol",2B
"1,2,3-Trichloropropane",2A
"1,3-Dichloro-2-propanol",2B
"3-Monochloro-1,2-propanediol",2B
Methyl acrylate,2B
Ethylenethiourea,3
gamma-Butyrolactone,3
Eugenol,3
Isoeugenol,2B
ortho-Aminoazotoluene,2B
Disulfiram,3
Butyl methacrylate,2B
Furfuryl alcohol,2B
Furfural,3
4-Chlorobenzotrifluoride,2B
Cumene,2B
α-Methylstyrene,2B
"alpha-Chlorinated toluenes (benzal chloride, benzotrichloride, benzyl chloride) and benzoyl chloride (combined exposures)",2A
Nitrobenzene,2B
Rhodamine 6G,3
Nitrotoluenes,3
5-Nitro-ortho-toluidine,3
"1,2-Diamino-4-nitrobenzene",3
2-Amino-4-nitrophenol,3
5-Nitro-ortho-anisidine,3
"N-Methyl-N,4-dinitrosoaniline",3
"N,N-Dimethyl-p-toluidine",2B
tert-Amyl methyl ether,3
